<?xml version="1.0" encoding="utf-8" ?>
<ESTADOS>
	<ESTADO>
		<ID>1</ID>
		<NOME>ACRE</NOME>
		<IDCAPITAL>16</IDCAPITAL>
		<SIGLA>AC</SIGLA>
		<REGIAO>NORTE</REGIAO>
	</ESTADO>
	<ESTADO>
		<ID>2</ID>
		<NOME>ALAGOAS</NOME>
		<IDCAPITAL>68</IDCAPITAL>
		<SIGLA>AL</SIGLA>
		<REGIAO>NORDESTE</REGIAO>
	</ESTADO>
	<ESTADO>
		<ID>3</ID>
		<NOME>AMAPA</NOME>
		<IDCAPITAL>131</IDCAPITAL>
		<SIGLA>AP</SIGLA>
		<REGIAO>NORTE</REGIAO>
	</ESTADO>
	<ESTADO>
		<ID>4</ID>
		<NOME>AMAZONAS</NOME>
		<IDCAPITAL>178</IDCAPITAL>
		<SIGLA>AM</SIGLA>
		<REGIAO>NORTE</REGIAO>
	</ESTADO>
	<ESTADO>
		<ID>5</ID>
		<NOME>BAHIA</NOME>
		<IDCAPITAL>536</IDCAPITAL>
		<SIGLA>BA</SIGLA>
		<REGIAO>NORDESTE</REGIAO>
	</ESTADO>
	<ESTADO>
		<ID>6</ID>
		<NOME>CEARA</NOME>
		<IDCAPITAL>676</IDCAPITAL>
		<SIGLA>CE</SIGLA>
		<REGIAO>NORDESTE</REGIAO>
	</ESTADO>
	<ESTADO>
		<ID>7</ID>
		<NOME>DISTRITO FEDERAL</NOME>
		<IDCAPITAL>916</IDCAPITAL>
		<SIGLA>DF</SIGLA>
		<REGIAO>CENTRO-OESTE</REGIAO>
	</ESTADO>
	<ESTADO>
		<ID>8</ID>
		<NOME>ESPIRITO SANTO</NOME>
		<IDCAPITAL>879</IDCAPITAL>
		<SIGLA>ES</SIGLA>
		<REGIAO>SUDESTE</REGIAO>
	</ESTADO>
	<ESTADO>
		<ID>9</ID>
		<NOME>GOIAS</NOME>
		<IDCAPITAL>973</IDCAPITAL>
		<SIGLA>GO</SIGLA>
		<REGIAO>CENTRO-OESTE</REGIAO>
	</ESTADO>
	<ESTADO>
		<ID>10</ID>
		<NOME>MARANHAO</NOME>
		<IDCAPITAL>1309</IDCAPITAL>
		<SIGLA>MA</SIGLA>
		<REGIAO>NORDESTE</REGIAO>
	</ESTADO>
	<ESTADO>
		<ID>11</ID>
		<NOME>MATO GROSSO</NOME>
		<IDCAPITAL>1374</IDCAPITAL>
		<SIGLA>MT</SIGLA>
		<REGIAO>CENTRO-OESTE</REGIAO>
	</ESTADO>
	<ESTADO>
		<ID>12</ID>
		<NOME>MATO GROSSO DO SUL</NOME>
		<IDCAPITAL>1485</IDCAPITAL>
		<SIGLA>MS</SIGLA>
		<REGIAO>CENTRO-OESTE</REGIAO>
	</ESTADO>
	<ESTADO>
		<ID>13</ID>
		<NOME>PARA</NOME>
		<IDCAPITAL>1561</IDCAPITAL>
		<SIGLA>PA</SIGLA>
		<REGIAO>NORTE</REGIAO>
	</ESTADO>
	<ESTADO>
		<ID>14</ID>
		<NOME>PARAIBA</NOME>
		<IDCAPITAL>1779</IDCAPITAL>
		<SIGLA>PB</SIGLA>
		<REGIAO>NORDESTE</REGIAO>
	</ESTADO>
	<ESTADO>
		<ID>15</ID>
		<NOME>PARANA</NOME>
		<IDCAPITAL>2002</IDCAPITAL>
		<SIGLA>PR</SIGLA>
		<REGIAO>SUL</REGIAO>
	</ESTADO>
	<ESTADO>
		<ID>16</ID>
		<NOME>PERNAMBUCO</NOME>
		<IDCAPITAL>2439</IDCAPITAL>
		<SIGLA>PE</SIGLA>
		<REGIAO>NORDESTE</REGIAO>
	</ESTADO>
	<ESTADO>
		<ID>17</ID>
		<NOME>PIAUI</NOME>
		<IDCAPITAL>2704</IDCAPITAL>
		<SIGLA>PI</SIGLA>
		<REGIAO>NORDESTE</REGIAO>
	</ESTADO>
	<ESTADO>
		<ID>18</ID>
		<NOME>RIO DE JANEIRO</NOME>
		<IDCAPITAL>2779</IDCAPITAL>
		<SIGLA>RJ</SIGLA>
		<REGIAO>SUDESTE</REGIAO>
	</ESTADO>
	<ESTADO>
		<ID>19</ID>
		<NOME>RIO GRANDE DO NORTE</NOME>
		<IDCAPITAL>2890</IDCAPITAL>
		<SIGLA>RN</SIGLA>
		<REGIAO>NORDESTE</REGIAO>
	</ESTADO>
	<ESTADO>
		<ID>20</ID>
		<NOME>RIO GRANDE DO SUL</NOME>
		<IDCAPITAL>3273</IDCAPITAL>
		<SIGLA>RS</SIGLA>
		<REGIAO>SUL</REGIAO>
	</ESTADO>
	<ESTADO>
		<ID>21</ID>
		<NOME>RONDONIA</NOME>
		<IDCAPITAL>3473</IDCAPITAL>
		<SIGLA>RO</SIGLA>
		<REGIAO>NORTE</REGIAO>
	</ESTADO>
	<ESTADO>
		<ID>22</ID>
		<NOME>RORAIMA</NOME>
		<IDCAPITAL>3491</IDCAPITAL>
		<SIGLA>RR</SIGLA>
		<REGIAO>NORTE</REGIAO>
	</ESTADO>
	<ESTADO>
		<ID>23</ID>
		<NOME>SANTA CATARINA</NOME>
		<IDCAPITAL>3591</IDCAPITAL>
		<SIGLA>SC</SIGLA>
		<REGIAO>SUL</REGIAO>
	</ESTADO>
	<ESTADO>
		<ID>24</ID>
		<NOME>SAO PAULO</NOME>
		<IDCAPITAL>4361</IDCAPITAL>
		<SIGLA>SP</SIGLA>
		<REGIAO>SUDESTE</REGIAO>
	</ESTADO>
	<ESTADO>
		<ID>25</ID>
		<NOME>SERGIPE</NOME>
		<IDCAPITAL>4444</IDCAPITAL>
		<SIGLA>SE</SIGLA>
		<REGIAO>NORDESTE</REGIAO>
	</ESTADO>
	<ESTADO>
		<ID>26</ID>
		<NOME>TOCANTINS</NOME>
		<IDCAPITAL>4606</IDCAPITAL>
		<SIGLA>TO</SIGLA>
		<REGIAO>NORTE</REGIAO>
	</ESTADO>
	<ESTADO>
		<ID>27</ID>
		<NOME>MINAS GERAIS</NOME>
		<IDCAPITAL>4790</IDCAPITAL>
		<SIGLA>MG</SIGLA>
		<REGIAO>SUDESTE</REGIAO>
	</ESTADO>
</ESTADOS>
